part_id,num_fillet,num_hole,num_plane,smallest_fillet_r,smallest_hole_r,load_face,load_direction,load_scale,global_size_initial,global_size_final,converged,top2_features,local_refine_needed,local_size,,thickness,maxsize,load_id
1,4,4,6,3.0226,2.4,bend_bottom,-1,low,3.775,2.4160000000000004,0,"FILLET,FACE",1,0.7644375000000001,,3.02,25.399999618530273,1
1,4,4,6,3.0226,2.4,bend_bottom,-1,medium,3.775,2.4160000000000004,1,"FILLET,FACE",1,1.0192500000000002,,3.02,25.399999618530273,2
1,4,4,6,3.0226,2.4,bend_bottom,-1,high,3.775,2.4160000000000004,1,"FILLET,FACE",1,1.0192500000000002,,3.02,25.399999618530273,3
1,4,4,6,3.0226,2.4,tension,-1,low,3.775,2.4160000000000004,1,"CIRC_HOLE,FACE",1,0.7644375000000001,,3.02,25.399999618530273,4
1,4,4,6,3.0226,2.4,tension,-1,medium,3.775,2.4160000000000004,1,"CIRC_HOLE,FACE",1,0.7644375000000001,,3.02,25.399999618530273,5
1,4,4,6,3.0226,2.4,tension,-1,high,3.775,2.4160000000000004,1,"CIRC_HOLE,FACE",1,0.7644375000000001,,3.02,25.399999618530273,6
1,4,4,6,3.0226,2.4,bend_bottom,1,low,3.775,2.4160000000000004,1,"FILLET,FACE",1,1.0192500000000002,,3.02,25.399999618530273,7
1,4,4,6,3.0226,2.4,bend_bottom,1,medium,3.775,2.4160000000000004,1,"FILLET,FACE",1,1.0192500000000002,,3.02,25.399999618530273,8
1,4,4,6,3.0226,2.4,bend_bottom,1,high,3.775,2.4160000000000004,1,"FILLET,FACE",1,1.0192500000000002,,3.02,25.399999618530273,9
1,4,4,6,3.0226,2.4,tension,1,low,3.775,2.4160000000000004,1,"CIRC_HOLE,FACE",1,1.0192500000000002,,3.02,25.399999618530273,10
1,4,4,6,3.0226,2.4,tension,1,medium,3.775,2.4160000000000004,1,"CIRC_HOLE,CIRC_HOLE",1,0.7644375000000001,,3.02,25.399999618530273,11
1,4,4,6,3.0226,2.4,tension,1,high,3.775,2.4160000000000004,1,"CIRC_HOLE,CIRC_HOLE",1,1.0192500000000002,,3.02,25.399999618530273,12
2,2,4,9,0.80264,2.4,bend_bottom,-1,low,2.5,1.6,1,"FILLET,FACE",1,0.675,,2,23.012399673461914,13
2,2,4,9,0.80264,2.4,bend_bottom,-1,medium,2.5,1.6,1,"FILLET,FACE",1,0.675,,2,23.012399673461914,14
2,2,4,9,0.80264,2.4,bend_bottom,-1,high,2.5,1.6,1,"FILLET,FACE",1,0.675,,2,23.012399673461914,15
2,2,4,9,0.80264,2.4,tension,-1,low,2.5,1.6,1,"CIRC_HOLE,CIRC_HOLE",1,0.5062500000000001,,2,23.012399673461914,16
2,2,4,9,0.80264,2.4,tension,-1,medium,2.5,1.6,1,"CIRC_HOLE,CIRC_HOLE",1,0.5062500000000001,,2,23.012399673461914,17
2,2,4,9,0.80264,2.4,tension,-1,high,2.5,1.6,1,"CIRC_HOLE,CIRC_HOLE",1,0.5062500000000001,,2,23.012399673461914,18
2,2,4,9,0.80264,2.4,bend_bottom,1,low,2.5,1.6,1,"FILLET,FACE",1,0.675,,2,23.012399673461914,19
2,2,4,9,0.80264,2.4,bend_bottom,1,medium,2.5,1.6,1,"FILLET,FACE",1,0.675,,2,23.012399673461914,20
2,2,4,9,0.80264,2.4,bend_bottom,1,high,2.5,1.6,1,"FILLET,FACE",1,0.675,,2,23.012399673461914,21
2,2,4,9,0.80264,2.4,tension,1,low,2.5,1.6,1,"CIRC_HOLE,FACE",1,0.675,,2,23.012399673461914,22
2,2,4,9,0.80264,2.4,tension,1,medium,2.5,1.6,1,"CIRC_HOLE,FACE",1,0.37968750000000007,,2,23.012399673461914,23
2,2,4,9,0.80264,2.4,tension,1,high,2.5,1.6,1,"CIRC_HOLE,FACE",1,0.675,,2,23.012399673461914,24
8,3,8,17,0.66675,3.5433,bend_bottom,-1,low,3.3375,1.8773437499999999,1,"FACE,FACE",1,1.8773437499999999,,2.67,63.5,25
8,3,8,17,0.66675,3.5433,bend_bottom,-1,medium,3.3375,1.8773437499999999,1,"FACE,FACE",1,1.8773437499999999,,2.67,63.5,26
8,3,8,17,0.66675,3.5433,bend_bottom,-1,high,3.3375,1.8773437499999999,1,"FACE,FACE",1,1.8773437499999999,,2.67,63.5,27
8,3,8,17,0.66675,3.5433,tension,-1,low,3.3375,2.136,1,"CIRC_HOLE,FACE",1,0.67584375,,2.67,63.5,28
8,3,8,17,0.66675,3.5433,tension,-1,medium,3.3375,2.136,0,"CIRC_HOLE,FACE",1,0.67584375,,2.67,63.5,29
8,3,8,17,0.66675,3.5433,tension,-1,high,3.3375,2.136,0,"CIRC_HOLE,FACE",1,0.67584375,,2.67,63.5,30
8,3,8,17,0.66675,3.5433,bend_bottom,1,low,3.3375,2.136,1,"FACE,CIRC_HOLE",1,0.901125,,2.67,63.5,31
8,3,8,17,0.66675,3.5433,bend_bottom,1,medium,3.3375,2.136,1,"FACE,CIRC_HOLE",1,0.901125,,2.67,63.5,32
8,3,8,17,0.66675,3.5433,bend_bottom,1,high,3.3375,2.136,1,"FACE,CIRC_HOLE",1,0.901125,,2.67,63.5,33
8,3,8,17,0.66675,3.5433,tension,1,low,3.3375,2.136,1,"CIRC_HOLE,FACE",1,0.901125,,2.67,63.5,34
8,3,8,17,0.66675,3.5433,tension,1,medium,3.3375,2.136,1,"CIRC_HOLE,FACE",1,0.901125,,2.67,63.5,35
8,3,8,17,0.66675,3.5433,tension,1,high,3.3375,2.136,1,"CIRC_HOLE,FACE",1,0.901125,,2.67,63.5,36
12,1,12,21,2.032,2.7432,bend_bottom,-1,low,6.35,2.143125,0,"FACE,FACE",1,1.60734375,,4,127,37
12,1,12,21,2.032,2.7432,bend_bottom,-1,medium,6.35,2.143125,0,"FACE,FACE",1,1.60734375,,4,127,38
12,1,12,21,2.032,2.7432,bend_bottom,-1,high,6.35,2.143125,0,"FACE,FACE",1,1.60734375,,4,127,39
12,1,12,21,2.032,2.7432,tension,-1,low,6.35,4.064,1,"CIRC_HOLE,FACE",1,2.286,,4,127,40
12,1,12,21,2.032,2.7432,tension,-1,medium,6.35,4.064,1,"CIRC_HOLE,FACE",1,2.286,,4,127,41
12,1,12,21,2.032,2.7432,tension,-1,high,6.35,4.064,1,"CIRC_HOLE,FACE",1,2.286,,4,127,42
12,1,12,21,2.032,2.7432,bend_bottom,1,low,6.35,3.2512000000000003,1,"CIRC_HOLE,FACE",1,0.7715250000000001,,4,127,43
12,1,12,21,2.032,2.7432,bend_bottom,1,medium,6.35,3.2512000000000003,1,"CIRC_HOLE,FACE",1,0.7715250000000001,,4,127,44
12,1,12,21,2.032,2.7432,bend_bottom,1,high,6.35,3.2512000000000003,0,"FACE,CIRC_HOLE",1,1.0287000000000002,,4,127,45
12,1,12,21,2.032,2.7432,tension,1,low,6.35,4.064,1,"CIRC_HOLE,FACE",1,2.286,,4,127,46
12,1,12,21,2.032,2.7432,tension,1,medium,6.35,4.064,1,"CIRC_HOLE,FACE",1,2.286,,4,127,47
12,1,12,21,2.032,2.7432,tension,1,high,6.35,4.064,1,"CIRC_HOLE,FACE",1,2.286,,4,127,48
13,1,12,21,2.413,2.8956,bend_bottom,-1,low,7.619999694824244,4.286249828338637,1,"FILLET,FACE",1,2.4110155284404837,,4.83,152.3999938964849,49
13,1,12,21,2.413,2.8956,bend_bottom,-1,medium,7.619999694824244,4.286249828338637,1,"FILLET,FACE",1,2.4110155284404837,,4.83,152.3999938964849,50
13,1,12,21,2.413,2.8956,bend_bottom,-1,high,7.619999694824244,4.286249828338637,1,"FILLET,FACE",1,2.4110155284404837,,4.83,152.3999938964849,51
13,1,12,21,2.413,2.8956,tension,-1,low,7.619999694824244,3.9014398437500137,1,"FACE,CIRC_HOLE",1,1.2344399505615278,,4.83,152.3999938964849,52
13,1,12,21,2.413,2.8956,tension,-1,medium,7.619999694824244,3.9014398437500137,1,"FACE,CIRC_HOLE",1,1.2344399505615278,,4.83,152.3999938964849,53
13,1,12,21,2.413,2.8956,tension,-1,high,7.619999694824244,3.9014398437500137,1,"FACE,CIRC_HOLE",1,1.2344399505615278,,4.83,152.3999938964849,54
13,1,12,21,2.413,2.8956,bend_bottom,1,low,7.619999694824244,3.9014398437500137,0,"CIRC_HOLE,FACE",1,1.2344399505615278,,4.83,152.3999938964849,55
13,1,12,21,2.413,2.8956,bend_bottom,1,medium,7.619999694824244,3.9014398437500137,0,"CIRC_HOLE,FACE",1,1.2344399505615278,,4.83,152.3999938964849,56
13,1,12,21,2.413,2.8956,bend_bottom,1,high,7.619999694824244,4.286249828338637,1,"FACE,CIRC_HOLE",1,3.2146873712539783,,4.83,152.3999938964849,57
13,1,12,21,2.413,2.8956,tension,1,low,7.619999694824244,3.9014398437500137,0,"FACE,CIRC_HOLE",1,1.2344399505615278,,4.83,152.3999938964849,58
13,1,12,21,2.413,2.8956,tension,1,medium,7.619999694824244,3.9014398437500137,0,"FACE,CIRC_HOLE",1,1.2344399505615278,,4.83,152.3999938964849,59
13,1,12,21,2.413,2.8956,tension,1,high,7.619999694824244,3.9014398437500137,0,"FACE,CIRC_HOLE",1,1.2344399505615278,,4.83,152.3999938964849,60
14,0,12,22,4.191,2.921,bend_bottom,-1,low,10.159999525547027,4.286249799840152,1,"FACE,FACE",1,4.286249799840152,,5.6,203.19999051094055,61
14,0,12,22,4.191,2.921,bend_bottom,-1,medium,10.159999525547027,4.286249799840152,1,"FACE,FACE",1,4.286249799840152,,5.6,203.19999051094055,62
14,0,12,22,4.191,2.921,bend_bottom,-1,high,10.159999525547027,6.095999715328216,1,"FACE,FACE",1,4.571999786496162,,5.6,203.19999051094055,63
14,0,12,22,4.191,2.921,tension,-1,low,10.159999525547027,6.502399696350098,1,"CIRC_HOLE,FACE",1,3.6575998291969305,,5.6,203.19999051094055,64
14,0,12,22,4.191,2.921,tension,-1,medium,10.159999525547027,6.502399696350098,1,"CIRC_HOLE,FACE",1,3.6575998291969305,,5.6,203.19999051094055,65
14,0,12,22,4.191,2.921,tension,-1,high,10.159999525547027,6.502399696350098,1,"CIRC_HOLE,FACE",1,3.6575998291969305,,5.6,203.19999051094055,66
14,0,12,22,4.191,2.921,bend_bottom,1,low,10.159999525547027,5.201919757080079,1,"CIRC_HOLE,FACE",1,1.6459199231386188,,5.6,203.19999051094055,67
14,0,12,22,4.191,2.921,bend_bottom,1,medium,10.159999525547027,5.201919757080079,1,"CIRC_HOLE,FACE",1,1.6459199231386188,,5.6,203.19999051094055,68
14,0,12,22,4.191,2.921,bend_bottom,1,high,10.159999525547027,5.201919757080079,1,"CIRC_HOLE,FACE",1,1.6459199231386188,,5.6,203.19999051094055,69
14,0,12,22,4.191,2.921,tension,1,low,10.159999525547027,6.502399696350098,1,"CIRC_HOLE,FACE",1,3.6575998291969305,,5.6,203.19999051094055,70
14,0,12,22,4.191,2.921,tension,1,medium,10.159999525547027,6.502399696350098,1,"CIRC_HOLE,FACE",1,3.6575998291969305,,5.6,203.19999051094055,71
14,0,12,22,4.191,2.921,tension,1,high,10.159999525547027,6.502399696350098,1,"CIRC_HOLE,FACE",1,3.6575998291969305,,5.6,203.19999051094055,72
15,1,16,25,3.175,2.7432,bend_bottom,-1,low,12.7,6.096,0,"FILLET,FACE",1,2.57175,,6.35,254,73
15,1,16,25,3.175,2.7432,bend_bottom,-1,medium,12.7,6.096,0,"FILLET,FACE",1,2.57175,,6.35,254,74
15,1,16,25,3.175,2.7432,bend_bottom,-1,high,12.7,6.096,0,"FILLET,CIRC_HOLE",1,1.9288125000000003,,6.35,254,75
15,1,16,25,3.175,2.7432,tension,-1,low,12.7,6.502400000000001,1,"CIRC_HOLE,FACE",1,2.7432000000000003,,6.35,254,76
15,1,16,25,3.175,2.7432,tension,-1,medium,12.7,6.502400000000001,1,"CIRC_HOLE,FACE",1,2.7432000000000003,,6.35,254,77
15,1,16,25,3.175,2.7432,tension,-1,high,12.7,6.502400000000001,1,"CIRC_HOLE,FACE",1,2.7432000000000003,,6.35,254,78
15,1,16,25,3.175,2.7432,bend_bottom,1,low,12.7,5.201920000000001,1,"CIRC_HOLE,FACE",1,1.6459200000000003,,6.35,254,79
15,1,16,25,3.175,2.7432,bend_bottom,1,medium,12.7,5.201920000000001,1,"CIRC_HOLE,FACE",1,1.6459200000000003,,6.35,254,80
15,1,16,25,3.175,2.7432,bend_bottom,1,high,12.7,5.201920000000001,1,"CIRC_HOLE,FACE",1,1.6459200000000003,,6.35,254,81
15,1,16,25,3.175,2.7432,tension,1,low,12.7,6.502400000000001,1,"CIRC_HOLE,FACE",1,2.7432000000000003,,6.35,254,82
15,1,16,25,3.175,2.7432,tension,1,medium,12.7,6.502400000000001,1,"CIRC_HOLE,FACE",1,2.7432000000000003,,6.35,254,83
15,1,16,25,3.175,2.7432,tension,1,high,12.7,6.502400000000001,1,"CIRC_HOLE,FACE",1,2.7432000000000003,,6.35,254,84
16,2,4,40,1.524,2.3495,bend_bottom,-1,low,2.5,1.6,0,"FACE,FILLET",1,0.5062500000000001,,2,25.399999499320984,85
16,2,4,40,1.524,2.3495,bend_bottom,-1,medium,2.5,1.6,0,"FACE,FILLET",1,0.5062500000000001,,2,25.399999499320984,86
16,2,4,40,1.524,2.3495,bend_bottom,-1,high,2.5,1.6,0,"FACE,FILLET",1,0.5062500000000001,,2,25.399999499320984,87
16,2,4,40,1.524,2.3495,tension,-1,low,2.5,1.6,1,"CIRC_HOLE,FACE",1,0.5062500000000001,,2,25.399999499320984,88
16,2,4,40,1.524,2.3495,tension,-1,medium,2.5,1.6,1,"CIRC_HOLE,FACE",1,0.675,,2,25.399999499320984,89
16,2,4,40,1.524,2.3495,tension,-1,high,2.5,1.6,1,"CIRC_HOLE,FACE",1,0.5062500000000001,,2,25.399999499320984,90
16,2,4,40,1.524,2.3495,bend_bottom,1,low,2.5,1.6,0,"FACE,FILLET",1,0.5062500000000001,,2,25.399999499320984,91
16,2,4,40,1.524,2.3495,bend_bottom,1,medium,2.5,1.6,0,"FACE,FILLET",1,0.5062500000000001,,2,25.399999499320984,92
16,2,4,40,1.524,2.3495,bend_bottom,1,high,2.5,1.6,0,"FACE,FILLET",1,0.5062500000000001,,2,25.399999499320984,93
16,2,4,40,1.524,2.3495,tension,1,low,2.5,1.6,1,"CIRC_HOLE,FACE",1,0.675,,2,25.399999499320984,94
16,2,4,40,1.524,2.3495,tension,1,medium,2.5,1.6,1,"CIRC_HOLE,FACE",1,0.675,,2,25.399999499320984,95
16,2,4,40,1.524,2.3495,tension,1,high,2.5,1.6,1,"CIRC_HOLE,FACE",1,0.675,,2,25.399999499320984,96
17,2,8,16,0.889,2.3495,bend_bottom,-1,low,2.225,1.4240000000000004,0,"FILLET,FACE",1,0.4505625000000001,,1.78,38.099998474121094,97
17,2,8,16,0.889,2.3495,bend_bottom,-1,medium,2.225,1.4240000000000004,0,"FILLET,FACE",1,0.4505625000000001,,1.78,38.099998474121094,98
17,2,8,16,0.889,2.3495,bend_bottom,-1,high,2.225,1.4240000000000004,0,"FILLET,FACE",1,0.4505625000000001,,1.78,38.099998474121094,99
17,2,8,16,0.889,2.3495,tension,-1,low,2.225,1.4240000000000004,1,"FACE,CIRC_HOLE",1,0.6007500000000001,,1.78,38.099998474121094,100
17,2,8,16,0.889,2.3495,tension,-1,medium,2.225,1.4240000000000004,1,"CIRC_HOLE,FACE",1,0.6007500000000001,,1.78,38.099998474121094,101
17,2,8,16,0.889,2.3495,tension,-1,high,2.225,1.4240000000000004,1,"CIRC_HOLE,FACE",1,0.6007500000000001,,1.78,38.099998474121094,102
17,2,8,16,0.889,2.3495,bend_bottom,1,low,2.225,1.4240000000000004,1,"FILLET,CIRC_HOLE",1,0.1900810546875,,1.78,38.099998474121094,103
17,2,8,16,0.889,2.3495,bend_bottom,1,medium,2.225,1.4240000000000004,1,"FILLET,CIRC_HOLE",1,0.1900810546875,,1.78,38.099998474121094,104
17,2,8,16,0.889,2.3495,bend_bottom,1,high,2.225,1.4240000000000004,1,"FILLET,FACE",1,0.4505625000000001,,1.78,38.099998474121094,105
17,2,8,16,0.889,2.3495,tension,1,low,2.225,1.4240000000000004,1,"FACE,CIRC_HOLE",1,0.6007500000000001,,1.78,38.099998474121094,106
17,2,8,16,0.889,2.3495,tension,1,medium,2.225,1.4240000000000004,1,"FACE,CIRC_HOLE",1,0.6007500000000001,,1.78,38.099998474121094,107
17,2,8,16,0.889,2.3495,tension,1,high,2.225,1.4240000000000004,1,"CIRC_HOLE,FACE",1,0.6007500000000001,,1.78,38.099998474121094,108
18,2,8,16,1.3335,2.159,bend_bottom,-1,low,2.5399999648332594,1.4287499802187085,1,"FILLET,FACE",1,0.8036718638730235,,1.78,50.79999929666519,109
18,2,8,16,1.3335,2.159,bend_bottom,-1,medium,2.5399999648332594,1.4287499802187085,1,"FILLET,FACE",1,0.8036718638730235,,1.78,50.79999929666519,110
18,2,8,16,1.3335,2.159,bend_bottom,-1,high,2.5399999648332594,1.4287499802187085,1,"FILLET,FACE",1,0.8036718638730235,,1.78,50.79999929666519,111
18,2,8,16,1.3335,2.159,tension,-1,low,2.5399999648332594,1.625599977493286,1,"FACE,CIRC_HOLE",1,0.6857999905049801,,1.78,50.79999929666519,112
18,2,8,16,1.3335,2.159,tension,-1,medium,2.5399999648332594,1.625599977493286,1,"FACE,CIRC_HOLE",1,0.6857999905049801,,1.78,50.79999929666519,113
18,2,8,16,1.3335,2.159,tension,-1,high,2.5399999648332594,1.625599977493286,1,"CIRC_HOLE,FACE",1,0.6857999905049801,,1.78,50.79999929666519,114
18,2,8,16,1.3335,2.159,bend_bottom,1,low,2.5399999648332594,1.5239999788999556,0,"FACE,CIRC_HOLE",1,0.6429374910984187,,1.78,50.79999929666519,115
18,2,8,16,1.3335,2.159,bend_bottom,1,medium,2.5399999648332594,1.5239999788999556,0,"FACE,CIRC_HOLE",1,0.6429374910984187,,1.78,50.79999929666519,116
18,2,8,16,1.3335,2.159,bend_bottom,1,high,2.5399999648332594,1.5239999788999556,0,"FACE,CIRC_HOLE",1,0.6429374910984187,,1.78,50.79999929666519,117
18,2,8,16,1.3335,2.159,tension,1,low,2.5399999648332594,1.625599977493286,1,"FACE,CIRC_HOLE",1,0.6857999905049801,,1.78,50.79999929666519,118
18,2,8,16,1.3335,2.159,tension,1,medium,2.5399999648332594,1.625599977493286,1,"FACE,CIRC_HOLE",1,0.6857999905049801,,1.78,50.79999929666519,119
18,2,8,16,1.3335,2.159,tension,1,high,2.5399999648332594,1.625599977493286,1,"FACE,CIRC_HOLE",1,0.6857999905049801,,1.78,50.79999929666519,120
19,2,8,16,1.3335,2.159,bend_bottom,-1,low,3.174999812245369,1.1429999324083329,0,"FACE,FILLET",1,0.6429374619796873,,1.78,63.49999624490738,121
19,2,8,16,1.3335,2.159,bend_bottom,-1,medium,3.174999812245369,1.1429999324083329,0,"FACE,FILLET",1,0.6429374619796873,,1.78,63.49999624490738,122
19,2,8,16,1.3335,2.159,bend_bottom,-1,high,3.174999812245369,1.1429999324083329,0,"FACE,FILLET",1,0.6429374619796873,,1.78,63.49999624490738,123
19,2,8,16,1.3335,2.159,tension,-1,low,3.174999812245369,1.6255999038696292,1,"CIRC_HOLE,FACE",1,0.6857999594449999,,1.78,63.49999624490738,124
19,2,8,16,1.3335,2.159,tension,-1,medium,3.174999812245369,1.6255999038696292,1,"CIRC_HOLE,FACE",1,0.6857999594449999,,1.78,63.49999624490738,125
19,2,8,16,1.3335,2.159,tension,-1,high,3.174999812245369,1.6255999038696292,1,"CIRC_HOLE,FACE",1,0.6857999594449999,,1.78,63.49999624490738,126
19,2,8,16,1.3335,2.159,bend_bottom,1,low,3.174999812245369,1.5239999098777774,0,"FACE,CIRC_HOLE",1,0.6429374619796873,,1.78,63.49999624490738,127
19,2,8,16,1.3335,2.159,bend_bottom,1,medium,3.174999812245369,1.1429999324083329,0,"FACE,FILLET",1,0.6429374619796873,,1.78,63.49999624490738,128
19,2,8,16,1.3335,2.159,bend_bottom,1,high,3.174999812245369,1.1429999324083329,0,"FACE,FILLET",1,0.6429374619796873,,1.78,63.49999624490738,129
19,2,8,16,1.3335,2.159,tension,1,low,3.174999812245369,1.6255999038696292,1,"CIRC_HOLE,FACE",1,0.6857999594449999,,1.78,63.49999624490738,130
19,2,8,16,1.3335,2.159,tension,1,medium,3.174999812245369,1.6255999038696292,1,"CIRC_HOLE,FACE",1,0.6857999594449999,,1.78,63.49999624490738,131
19,2,8,16,1.3335,2.159,tension,1,high,3.174999812245369,1.6255999038696292,1,"FACE,CIRC_HOLE",1,0.5143499695837499,,1.78,63.49999624490738,132
20,1,8,17,1.905,2.2479,bend_bottom,-1,low,3.810000014305115,2.4384000091552736,1,"FILLET,FACE",1,0.7715250028967857,,2.54,76.2000002861023,133
20,1,8,17,1.905,2.2479,bend_bottom,-1,medium,3.810000014305115,2.4384000091552736,1,"FILLET,FACE",1,0.7715250028967857,,2.54,76.2000002861023,134
20,1,8,17,1.905,2.2479,bend_bottom,-1,high,3.810000014305115,2.4384000091552736,1,"FILLET,FACE",1,0.7715250028967857,,2.54,76.2000002861023,135
20,1,8,17,1.905,2.2479,tension,-1,low,3.810000014305115,2.4384000091552736,1,"CIRC_HOLE,FACE",1,0.7715250028967857,,2.54,76.2000002861023,136
20,1,8,17,1.905,2.2479,tension,-1,medium,3.810000014305115,2.4384000091552736,1,"CIRC_HOLE,FACE",1,0.7715250028967857,,2.54,76.2000002861023,137
20,1,8,17,1.905,2.2479,tension,-1,high,3.810000014305115,2.4384000091552736,1,"CIRC_HOLE,FACE",1,0.7715250028967857,,2.54,76.2000002861023,138
20,1,8,17,1.905,2.2479,bend_bottom,1,low,3.810000014305115,2.4384000091552736,1,"FACE,CIRC_HOLE",1,1.028700003862381,,2.54,76.2000002861023,139
20,1,8,17,1.905,2.2479,bend_bottom,1,medium,3.810000014305115,2.4384000091552736,1,"FACE,CIRC_HOLE",1,1.3716000051498414,,2.54,76.2000002861023,140
20,1,8,17,1.905,2.2479,bend_bottom,1,high,3.810000014305115,2.4384000091552736,1,"FILLET,FACE",1,0.7715250028967857,,2.54,76.2000002861023,141
20,1,8,17,1.905,2.2479,tension,1,low,3.810000014305115,2.4384000091552736,1,"CIRC_HOLE,FACE",1,0.7715250028967857,,2.54,76.2000002861023,142
20,1,8,17,1.905,2.2479,tension,1,medium,3.810000014305115,2.4384000091552736,1,"CIRC_HOLE,FACE",1,0.7715250028967857,,2.54,76.2000002861023,143
20,1,8,17,1.905,2.2479,tension,1,high,3.810000014305115,2.4384000091552736,1,"FACE,CIRC_HOLE",1,0.7715250028967857,,2.54,76.2000002861023,144
21,1,8,17,2.4765,2.8067,bend_bottom,-1,low,5.079999870061874,1.6073437088867648,1,"FACE,FACE",1,1.6073437088867648,,3.3,101.59999740123749,145
21,1,8,17,2.4765,2.8067,bend_bottom,-1,medium,5.079999870061874,1.6073437088867648,0,"FACE,FACE",1,1.6073437088867648,,3.3,101.59999740123749,146
21,1,8,17,2.4765,2.8067,bend_bottom,-1,high,5.079999870061874,2.8574999269098043,1,"FACE,CIRC_HOLE",1,2.8574999269098043,,3.3,101.59999740123749,147
21,1,8,17,2.4765,2.8067,tension,-1,low,5.079999870061874,3.2511999168395995,0,"CIRC_HOLE,FACE",1,1.0286999736875297,,3.3,101.59999740123749,148
21,1,8,17,2.4765,2.8067,tension,-1,medium,5.079999870061874,3.2511999168395995,0,"CIRC_HOLE,FACE",1,1.0286999736875297,,3.3,101.59999740123749,149
21,1,8,17,2.4765,2.8067,tension,-1,high,5.079999870061874,3.2511999168395995,0,"CIRC_HOLE,FACE",1,1.0286999736875297,,3.3,101.59999740123749,150
21,1,8,17,2.4765,2.8067,bend_bottom,1,low,5.079999870061874,3.2511999168395995,0,"CIRC_HOLE,FACE",1,1.0286999736875297,,3.3,101.59999740123749,151
21,1,8,17,2.4765,2.8067,bend_bottom,1,medium,5.079999870061874,3.0479999220371248,1,"CIRC_HOLE,FACE",1,1.7144999561458827,,3.3,101.59999740123749,152
21,1,8,17,2.4765,2.8067,bend_bottom,1,high,5.079999870061874,3.0479999220371248,1,"CIRC_HOLE,FACE",1,1.7144999561458827,,3.3,101.59999740123749,153
21,1,8,17,2.4765,2.8067,tension,1,low,5.079999870061874,3.2511999168395995,0,"CIRC_HOLE,FACE",1,1.0286999736875297,,3.3,101.59999740123749,154
21,1,8,17,2.4765,2.8067,tension,1,medium,5.079999870061874,3.2511999168395995,0,"CIRC_HOLE,FACE",1,1.0286999736875297,,3.3,101.59999740123749,155
21,1,8,17,2.4765,2.8067,tension,1,high,5.079999870061874,3.2511999168395995,0,"CIRC_HOLE,FACE",1,1.0286999736875297,,3.3,101.59999740123749,156
22,1,12,21,2.286,3.1242,bend_bottom,-1,low,7.619999694824219,3.2146873712539668,1,"FACE,FACE",1,3.2146873712539668,,4.57,152.39999389648438,157
22,1,12,21,2.286,3.1242,bend_bottom,-1,medium,7.619999694824219,3.2146873712539668,1,"FACE,FACE",1,3.2146873712539668,,4.57,152.39999389648438,158
22,1,12,21,2.286,3.1242,bend_bottom,-1,high,7.619999694824219,3.2146873712539668,1,"FACE,CIRC_HOLE",1,3.2146873712539668,,4.57,152.39999389648438,159
22,1,12,21,2.286,3.1242,tension,-1,low,7.619999694824219,3.901439843750001,1,"CIRC_HOLE,FACE",1,1.6459199340820316,,4.57,152.39999389648438,160
22,1,12,21,2.286,3.1242,tension,-1,medium,7.619999694824219,3.901439843750001,1,"CIRC_HOLE,FACE",1,1.6459199340820316,,4.57,152.39999389648438,161
22,1,12,21,2.286,3.1242,tension,-1,high,7.619999694824219,3.901439843750001,1,"CIRC_HOLE,FACE",1,1.6459199340820316,,4.57,152.39999389648438,162
22,1,12,21,2.286,3.1242,bend_bottom,1,low,7.619999694824219,3.901439843750001,0,"FACE,CIRC_HOLE",1,1.2344399505615238,,4.57,152.39999389648438,163
22,1,12,21,2.286,3.1242,bend_bottom,1,medium,7.619999694824219,3.901439843750001,0,"FACE,CIRC_HOLE",1,1.2344399505615238,,4.57,152.39999389648438,164
22,1,12,21,2.286,3.1242,bend_bottom,1,high,7.619999694824219,3.901439843750001,0,"FACE,CIRC_HOLE",1,1.2344399505615238,,4.57,152.39999389648438,165
22,1,12,21,2.286,3.1242,tension,1,low,7.619999694824219,3.901439843750001,1,"CIRC_HOLE,FACE",1,1.6459199340820316,,4.57,152.39999389648438,166
22,1,12,21,2.286,3.1242,tension,1,medium,7.619999694824219,3.901439843750001,1,"CIRC_HOLE,FACE",1,1.6459199340820316,,4.57,152.39999389648438,167
22,1,12,21,2.286,3.1242,tension,1,high,7.619999694824219,3.901439843750001,1,"CIRC_HOLE,FACE",1,1.6459199340820316,,4.57,152.39999389648438,168
25,5,8,17,1.27,1.55,bend_bottom,-1,low,3.125,2.34375,0,"FILLET,FACE",1,0.988769531,,2.5,30.162500381469727,169
25,5,8,17,1.27,1.55,bend_bottom,-1,medium,3.125,2.34375,0,"FILLET,FACE",1,0.988769531,,2.5,30.162500381469727,170
25,5,8,17,1.27,1.55,bend_bottom,-1,high,3.125,2.34375,0,"FILLET,FACE",1,0.988769531,,2.5,30.162500381469727,171
25,5,8,17,1.27,1.55,tension,-1,low,3.125,2,0,"CIRC_HOLE,FACE",1,0.6328125,,2.5,30.162500381469727,172
25,5,8,17,1.27,1.55,tension,-1,medium,3.125,2,0,"CIRC_HOLE,FACE",1,0.6328125,,2.5,30.162500381469727,173
25,5,8,17,1.27,1.55,tension,-1,high,3.125,2,1,"CIRC_HOLE,FACE",1,0.6328125,,2.5,30.162500381469727,174
25,5,8,17,1.27,1.55,bend_bottom,1,low,3.125,2.34375,0,"FILLET,FACE",1,0.988769531,,2.5,30.162500381469727,175
25,5,8,17,1.27,1.55,bend_bottom,1,medium,3.125,2.34375,0,"FILLET,FACE",1,0.988769531,,2.5,30.162500381469727,176
25,5,8,17,1.27,1.55,bend_bottom,1,high,3.125,2.34375,0,"FILLET,FACE",1,0.988769531,,2.5,30.162500381469727,177
25,5,8,17,1.27,1.55,tension,1,low,3.125,2,0,"CIRC_HOLE,FACE",1,0.6328125,,2.5,30.162500381469727,178
25,5,8,17,1.27,1.55,tension,1,medium,3.125,2,0,"CIRC_HOLE,FACE",1,0.6328125,,2.5,30.162500381469727,179
25,5,8,17,1.27,1.55,tension,1,high,3.125,2,0,"FACE,CIRC_HOLE",1,0.6328125,,2.5,30.162500381469727,180
26,5,8,17,0.81,1.55,bend_bottom,-1,low,3.75,2.4000000000000004,0,"FILLET,FACE",1,0.7593750000000001,,3,44.84687423706055,181
26,5,8,17,0.81,1.55,bend_bottom,-1,medium,3.75,2.4000000000000004,0,"FILLET,FACE",1,0.7593750000000001,,3,44.84687423706055,182
26,5,8,17,0.81,1.55,bend_bottom,-1,high,3.75,2.4000000000000004,0,"FILLET,FACE",1,0.7593750000000001,,3,44.84687423706055,183
26,5,8,17,0.81,1.55,tension,-1,low,3.75,2.4000000000000004,1,"CIRC_HOLE,FACE",1,1.0125000000000002,,3,44.84687423706055,184
26,5,8,17,0.81,1.55,tension,-1,medium,3.75,2.4000000000000004,1,"CIRC_HOLE,FACE",1,1.0125000000000002,,3,44.84687423706055,185
26,5,8,17,0.81,1.55,tension,-1,high,3.75,2.4000000000000004,0,"CIRC_HOLE,FACE",1,0.7593750000000001,,3,44.84687423706055,186
26,5,8,17,0.81,1.55,bend_bottom,1,low,3.75,2.4000000000000004,0,"FILLET,FACE",1,0.7593750000000001,,3,44.84687423706055,187
26,5,8,17,0.81,1.55,bend_bottom,1,medium,3.75,2.4000000000000004,0,"FILLET,FACE",1,0.7593750000000001,,3,44.84687423706055,188
26,5,8,17,0.81,1.55,bend_bottom,1,high,3.75,2.4000000000000004,0,"FILLET,FACE",1,0.7593750000000001,,3,44.84687423706055,189
26,5,8,17,0.81,1.55,tension,1,low,3.75,2.4000000000000004,1,"CIRC_HOLE,FACE",1,1.35,,3,44.84687423706055,190
26,5,8,17,0.81,1.55,tension,1,medium,3.75,2.4000000000000004,1,"FACE,CIRC_HOLE",1,1.35,,3,44.84687423706055,191
26,5,8,17,0.81,1.55,tension,1,high,3.75,2.4000000000000004,1,"FACE,CIRC_HOLE",1,1.35,,3,44.84687423706055,192
27,5,8,17,0.81,1.75,bend_bottom,-1,low,3.75,2.4000000000000004,0,"FILLET,FACE",1,0.7593750000000001,,3,59.928123474121094,193
27,5,8,17,0.81,1.75,bend_bottom,-1,medium,3.75,2.4000000000000004,0,"FILLET,FACE",1,0.7593750000000001,,3,59.928123474121094,194
27,5,8,17,0.81,1.75,bend_bottom,-1,high,3.75,2.4000000000000004,0,"FILLET,FACE",1,0.7593750000000001,,3,59.928123474121094,195
27,5,8,17,0.81,1.75,tension,-1,low,3.75,2.4000000000000004,1,"CIRC_HOLE,FACE",1,1.35,,3,59.928123474121094,196
27,5,8,17,0.81,1.75,tension,-1,medium,3.75,2.4000000000000004,1,"CIRC_HOLE,FACE",1,1.35,,3,59.928123474121094,197
27,5,8,17,0.81,1.75,tension,-1,high,3.75,2.4000000000000004,1,"CIRC_HOLE,FACE",1,1.35,,3,59.928123474121094,198
27,5,8,17,0.81,1.75,bend_bottom,1,low,3.75,2.4000000000000004,0,"FILLET,FACE",1,0.7593750000000001,,3,59.928123474121094,199
27,5,8,17,0.81,1.75,bend_bottom,1,medium,3.75,2.4000000000000004,0,"FILLET,FACE",1,0.7593750000000001,,3,59.928123474121094,200
27,5,8,17,0.81,1.75,bend_bottom,1,high,3.75,2.4000000000000004,0,"FILLET,FACE",1,0.7593750000000001,,3,59.928123474121094,201
27,5,8,17,0.81,1.75,tension,1,low,3.75,2.4000000000000004,0,"CIRC_HOLE,FACE",1,0.7593750000000001,,3,59.928123474121094,202
27,5,8,17,0.81,1.75,tension,1,medium,3.75,2.4000000000000004,0,"CIRC_HOLE,FACE",1,0.7593750000000001,,3,59.928123474121094,203
27,5,8,17,0.81,1.75,tension,1,high,3.75,2.4000000000000004,0,"CIRC_HOLE,FACE",1,0.7593750000000001,,3,59.928123474121094,204
29,0,4,17,16,2.1,bend_bottom,-1,low,4.375,2.8000000000000003,1,"CIRC_HOLE,FACE",1,1.1812500000000001,,3.5,23,205
29,0,4,17,16,2.1,bend_bottom,-1,medium,4.375,2.8000000000000003,0,"CIRC_HOLE,FACE",1,0.6644531250000001,,3.5,23,206
29,0,4,17,16,2.1,bend_bottom,-1,high,4.375,2.8000000000000003,1,"CIRC_HOLE,FACE",1,0.49833984375000007,,3.5,23,207
29,0,4,17,16,2.1,tension,-1,low,4.375,2.8000000000000003,1,"CIRC_HOLE,FACE",1,1.1812500000000001,,3.5,23,208
29,0,4,17,16,2.1,tension,-1,medium,4.375,2.8000000000000003,1,"CIRC_HOLE,FACE",1,1.1812500000000001,,3.5,23,209
29,0,4,17,16,2.1,tension,-1,high,4.375,2.8000000000000003,1,"CIRC_HOLE,FACE",1,1.1812500000000001,,3.5,23,210
29,0,4,17,16,2.1,bend_bottom,1,low,4.375,2.8000000000000003,1,"CIRC_HOLE,FACE",1,1.1812500000000001,,3.5,23,211
29,0,4,17,16,2.1,bend_bottom,1,medium,4.375,2.8000000000000003,1,"CIRC_HOLE,FACE",1,1.1812500000000001,,3.5,23,212
29,0,4,17,16,2.1,bend_bottom,1,high,4.375,2.8000000000000003,1,"CIRC_HOLE,FACE",1,1.1812500000000001,,3.5,23,213
29,0,4,17,16,2.1,tension,1,low,4.375,2.8000000000000003,1,"CIRC_HOLE,FACE",1,1.1812500000000001,,3.5,23,214
29,0,4,17,16,2.1,tension,1,medium,4.375,2.8000000000000003,1,"CIRC_HOLE,FACE",1,1.1812500000000001,,3.5,23,215
29,0,4,17,16,2.1,tension,1,high,4.375,2.8000000000000003,1,"CIRC_HOLE,FACE",1,1.1812500000000001,,3.5,23,216
36,2,16,12,0.762,1.7526,bend_bottom,-1,low,1.9,1.2160000000000002,1,"CIRC_HOLE,FACE",1,0.3847500000000001,,1.52,34.92500197887421,217
36,2,16,12,0.762,1.7526,bend_bottom,-1,medium,1.9,1.2160000000000002,1,"CIRC_HOLE,FACE",1,0.3847500000000001,,1.52,34.92500197887421,218
36,2,16,12,0.762,1.7526,bend_bottom,-1,high,1.9,1.2160000000000002,1,"CIRC_HOLE,FACE",1,0.3847500000000001,,1.52,34.92500197887421,219
36,2,16,12,0.762,1.7526,tension,-1,low,1.9,1.2160000000000002,1,"CIRC_HOLE,CIRC_HOLE",1,0.28856250000000006,,1.52,34.92500197887421,220
36,2,16,12,0.762,1.7526,tension,-1,medium,1.9,1.2160000000000002,1,"CIRC_HOLE,CIRC_HOLE",1,0.28856250000000006,,1.52,34.92500197887421,221
36,2,16,12,0.762,1.7526,tension,-1,high,1.9,1.2160000000000002,1,"CIRC_HOLE,CIRC_HOLE",1,0.28856250000000006,,1.52,34.92500197887421,222
36,2,16,12,0.762,1.7526,bend_bottom,1,low,1.9,1.2160000000000002,1,"CIRC_HOLE,FACE",1,0.3847500000000001,,1.52,34.92500197887421,223
36,2,16,12,0.762,1.7526,bend_bottom,1,medium,1.9,1.2160000000000002,1,"CIRC_HOLE,FACE",1,0.3847500000000001,,1.52,34.92500197887421,224
36,2,16,12,0.762,1.7526,bend_bottom,1,high,1.9,1.2160000000000002,1,"CIRC_HOLE,FACE",1,0.5130000000000001,,1.52,34.92500197887421,225
36,2,16,12,0.762,1.7526,tension,1,low,1.9,1.2160000000000002,1,"CIRC_HOLE,FACE",1,0.6840000000000002,,1.52,34.92500197887421,226
36,2,16,12,0.762,1.7526,tension,1,medium,1.9,1.2160000000000002,1,"CIRC_HOLE,FACE",1,0.6840000000000002,,1.52,34.92500197887421,227
36,2,16,12,0.762,1.7526,tension,1,high,1.9,1.2160000000000002,1,"CIRC_HOLE,CIRC_HOLE",1,0.6840000000000002,,1.52,34.92500197887421,228
37,2,8,12,0.762,1.7526,bend_bottom,-1,low,1.9050000607967377,1.2192000389099122,0,"FACE,CIRC_HOLE",1,0.3857625123113394,,1.52,38.10000121593475,229
37,2,8,12,0.762,1.7526,bend_bottom,-1,medium,1.9050000607967377,1.2192000389099122,0,"FACE,CIRC_HOLE",1,0.3857625123113394,,1.52,38.10000121593475,230
37,2,8,12,0.762,1.7526,bend_bottom,-1,high,1.9050000607967377,1.2192000389099122,0,"FACE,CIRC_HOLE",1,0.3857625123113394,,1.52,38.10000121593475,231
37,2,8,12,0.762,1.7526,tension,-1,low,1.9050000607967377,1.2192000389099122,1,"CIRC_HOLE,CIRC_HOLE",1,0.2893218842335046,,1.52,38.10000121593475,232
37,2,8,12,0.762,1.7526,tension,-1,medium,1.9050000607967377,1.2192000389099122,1,"CIRC_HOLE,CIRC_HOLE",1,0.2893218842335046,,1.52,38.10000121593475,233
37,2,8,12,0.762,1.7526,tension,-1,high,1.9050000607967377,1.2192000389099122,1,"CIRC_HOLE,CIRC_HOLE",1,0.21699141317512843,,1.52,38.10000121593475,234
37,2,8,12,0.762,1.7526,bend_bottom,1,low,1.9050000607967377,1.2192000389099122,1,"CIRC_HOLE,FACE",1,0.3857625123113394,,1.52,38.10000121593475,235
37,2,8,12,0.762,1.7526,bend_bottom,1,medium,1.9050000607967377,1.2192000389099122,1,"CIRC_HOLE,FACE",1,0.3857625123113394,,1.52,38.10000121593475,236
37,2,8,12,0.762,1.7526,bend_bottom,1,high,1.9050000607967377,1.2192000389099122,1,"FACE,FILLET",1,0.3857625123113394,,1.52,38.10000121593475,237
37,2,8,12,0.762,1.7526,tension,1,low,1.9050000607967377,1.2192000389099122,1,"CIRC_HOLE,FACE",1,0.5143500164151192,,1.52,38.10000121593475,238
37,2,8,12,0.762,1.7526,tension,1,medium,1.9050000607967377,1.2192000389099122,1,"CIRC_HOLE,CIRC_HOLE",1,0.5143500164151192,,1.52,38.10000121593475,239
37,2,8,12,0.762,1.7526,tension,1,high,1.9050000607967377,1.2192000389099122,1,"CIRC_HOLE,FACE",1,0.5143500164151192,,1.52,38.10000121593475,240
43,6,16,8,0.6985,2.0828,bend_bottom,-1,low,3.5,2.24,0,"FACE,CIRC_HOLE",1,0.7087500000000001,,2.8,66.674999833107,241
43,6,16,8,0.6985,2.0828,bend_bottom,-1,medium,3.5,2.24,0,"FACE,CIRC_HOLE",1,0.7087500000000001,,2.8,66.674999833107,242
43,6,16,8,0.6985,2.0828,bend_bottom,-1,high,3.5,2.24,1,"FILLET,FACE",1,0.7087500000000001,,2.8,66.674999833107,243
43,6,16,8,0.6985,2.0828,tension,-1,low,3.5,2.24,1,"CIRC_HOLE,CIRC_HOLE",1,0.7087500000000001,,2.8,66.674999833107,244
43,6,16,8,0.6985,2.0828,tension,-1,medium,3.5,2.24,1,"CIRC_HOLE,CIRC_HOLE",1,0.7087500000000001,,2.8,66.674999833107,245
43,6,16,8,0.6985,2.0828,tension,-1,high,3.5,2.24,1,"CIRC_HOLE,CIRC_HOLE",1,0.7087500000000001,,2.8,66.674999833107,246
43,6,16,8,0.6985,2.0828,bend_bottom,1,low,3.5,2.24,0,"CIRC_HOLE,FACE",1,0.7087500000000001,,2.8,66.674999833107,247
43,6,16,8,0.6985,2.0828,bend_bottom,1,medium,3.5,2.24,0,"FILLET,FACE",1,0.7087500000000001,,2.8,66.674999833107,248
43,6,16,8,0.6985,2.0828,bend_bottom,1,high,3.5,2.24,1,"FILLET,FACE",1,0.7087500000000001,,2.8,66.674999833107,249
43,6,16,8,0.6985,2.0828,tension,1,low,3.5,2.24,1,"CIRC_HOLE,CIRC_HOLE",1,0.398671875,,2.8,66.674999833107,250
43,6,16,8,0.6985,2.0828,tension,1,medium,3.5,2.24,1,"CIRC_HOLE,CIRC_HOLE",1,0.398671875,,2.8,66.674999833107,251
43,6,16,8,0.6985,2.0828,tension,1,high,3.5,2.24,1,"CIRC_HOLE,FACE",1,0.7087500000000001,,2.8,66.674999833107,252
44,6,16,8,0.6985,2.0828,bend_bottom,-1,low,4.603749686479569,2.7622498118877417,1,"CIRC_HOLE,FACE",1,1.5537655191868547,,2.8,92.07499372959137,253
44,6,16,8,0.6985,2.0828,bend_bottom,-1,medium,4.603749686479569,2.5896091986447574,0,"FILLET,FACE",1,1.456655174237676,,2.8,92.07499372959137,254
44,6,16,8,0.6985,2.0828,bend_bottom,-1,high,4.603749686479569,2.5896091986447574,0,"FILLET,FACE",1,1.456655174237676,,2.8,92.07499372959137,255
44,6,16,8,0.6985,2.0828,tension,-1,low,4.603749686479569,2.946399799346924,1,"FACE,CIRC_HOLE",1,1.657349887132645,,2.8,92.07499372959137,256
44,6,16,8,0.6985,2.0828,tension,-1,medium,4.603749686479569,2.946399799346924,1,"FACE,CIRC_HOLE",1,1.657349887132645,,2.8,92.07499372959137,257
44,6,16,8,0.6985,2.0828,tension,-1,high,4.603749686479569,2.946399799346924,1,"FACE,CIRC_HOLE",1,1.657349887132645,,2.8,92.07499372959137,258
44,6,16,8,0.6985,2.0828,bend_bottom,1,low,4.603749686479569,2.7622498118877417,0,"CIRC_HOLE,FACE",1,1.165324139390141,,2.8,92.07499372959137,259
44,6,16,8,0.6985,2.0828,bend_bottom,1,medium,4.603749686479569,2.5896091986447574,0,"FILLET,FACE",1,1.456655174237676,,2.8,92.07499372959137,260
44,6,16,8,0.6985,2.0828,bend_bottom,1,high,4.603749686479569,2.5896091986447574,0,"FILLET,FACE",1,1.456655174237676,,2.8,92.07499372959137,261
44,6,16,8,0.6985,2.0828,tension,1,low,4.603749686479569,2.946399799346924,1,"FACE,CIRC_HOLE",1,1.657349887132645,,2.8,92.07499372959137,262
44,6,16,8,0.6985,2.0828,tension,1,medium,4.603749686479569,2.946399799346924,1,"FACE,CIRC_HOLE",1,1.657349887132645,,2.8,92.07499372959137,263
44,6,16,8,0.6985,2.0828,tension,1,high,4.603749686479569,2.946399799346924,1,"FACE,CIRC_HOLE",1,1.657349887132645,,2.8,92.07499372959137,264
50,1,0,25,3.0988,0,bend_bottom,-1,low,7.75,4.960000000000001,1,"FILLET,FACE",1,1.5693750000000002,,6.2,65.02399444580078,265
50,1,0,25,3.0988,0,bend_bottom,-1,medium,7.75,4.960000000000001,1,"FILLET,FACE",1,1.5693750000000002,,6.2,65.02399444580078,266
50,1,0,25,3.0988,0,bend_bottom,-1,high,7.75,4.960000000000001,1,"FILLET,FACE",1,1.5693750000000002,,6.2,65.02399444580078,267
50,1,0,25,3.0988,0,tension,-1,low,7.75,3.26953125,1,"FACE,FACE",1,3.26953125,,6.2,65.02399444580078,268
50,1,0,25,3.0988,0,tension,-1,medium,7.75,3.26953125,1,"FACE,FACE",1,3.26953125,,6.2,65.02399444580078,269
50,1,0,25,3.0988,0,tension,-1,high,7.75,3.26953125,1,"FACE,FACE",1,3.26953125,,6.2,65.02399444580078,270
50,1,0,25,3.0988,0,bend_bottom,1,low,7.75,4.960000000000001,1,"FILLET,FACE",1,1.5693750000000002,,6.2,65.02399444580078,271
50,1,0,25,3.0988,0,bend_bottom,1,medium,7.75,4.960000000000001,1,"FILLET,FACE",1,1.5693750000000002,,6.2,65.02399444580078,272
50,1,0,25,3.0988,0,bend_bottom,1,high,7.75,4.960000000000001,1,"FILLET,FACE",1,1.5693750000000002,,6.2,65.02399444580078,273
50,1,0,25,3.0988,0,tension,1,low,7.75,3.26953125,1,"FACE,FACE",1,3.26953125,,6.2,65.02399444580078,274
50,1,0,25,3.0988,0,tension,1,medium,7.75,3.26953125,1,"FACE,FACE",1,3.26953125,,6.2,65.02399444580078,275
50,1,0,25,3.0988,0,tension,1,high,7.75,3.26953125,1,"FACE,FACE",1,3.26953125,,6.2,65.02399444580078,276
51,2,16,12,1.397,2.0828,bend_bottom,-1,low,3.968749839067459,2.539999897003174,1,"FACE,CIRC_HOLE",1,1.071562456548214,,2.8,79.37499678134918,277
51,2,16,12,1.397,2.0828,bend_bottom,-1,medium,3.968749839067459,2.2324217844754455,1,"FACE,FILLET",1,1.255737253767438,,2.8,79.37499678134918,278
51,2,16,12,1.397,2.0828,bend_bottom,-1,high,3.968749839067459,2.2324217844754455,1,"FACE,FILLET",1,1.255737253767438,,2.8,79.37499678134918,279
51,2,16,12,1.397,2.0828,tension,-1,low,3.968749839067459,2.539999897003174,1,"CIRC_HOLE,CIRC_HOLE",1,0.8036718424111605,,2.8,79.37499678134918,280
51,2,16,12,1.397,2.0828,tension,-1,medium,3.968749839067459,2.539999897003174,0,"CIRC_HOLE,CIRC_HOLE",1,0.4520654113562778,,2.8,79.37499678134918,281
51,2,16,12,1.397,2.0828,tension,-1,high,3.968749839067459,2.539999897003174,0,"CIRC_HOLE,CIRC_HOLE",1,0.4520654113562778,,2.8,79.37499678134918,282
51,2,16,12,1.397,2.0828,bend_bottom,1,low,3.968749839067459,2.3812499034404757,0,"FILLET,FACE",1,1.0045898030139506,,2.8,79.37499678134918,283
51,2,16,12,1.397,2.0828,bend_bottom,1,medium,3.968749839067459,2.2324217844754455,1,"FACE,FILLET",1,1.255737253767438,,2.8,79.37499678134918,284
51,2,16,12,1.397,2.0828,bend_bottom,1,high,3.968749839067459,2.2324217844754455,1,"FACE,FILLET",1,1.255737253767438,,2.8,79.37499678134918,285
51,2,16,12,1.397,2.0828,tension,1,low,3.968749839067459,2.539999897003174,1,"CIRC_HOLE,CIRC_HOLE",1,0.8036718424111605,,2.8,79.37499678134918,286
51,2,16,12,1.397,2.0828,tension,1,medium,3.968749839067459,2.539999897003174,1,"CIRC_HOLE,CIRC_HOLE",1,0.8036718424111605,,2.8,79.37499678134918,287
51,2,16,12,1.397,2.0828,tension,1,high,3.968749839067459,2.539999897003174,1,"CIRC_HOLE,CIRC_HOLE",1,1.4287499420642855,,2.8,79.37499678134918,288
52,2,20,12,1.397,2.0828,bend_bottom,-1,low,6.032500296831131,3.0886401519775397,1,"FACE,CIRC_HOLE",1,1.3030200641155245,,2.8,120.65000593662262,289
52,2,20,12,1.397,2.0828,bend_bottom,-1,medium,6.032500296831131,3.0886401519775397,1,"FACE,CIRC_HOLE",1,1.3030200641155245,,2.8,120.65000593662262,290
52,2,20,12,1.397,2.0828,bend_bottom,-1,high,6.032500296831131,3.393281416967511,1,"FACE,FACE",1,3.393281416967511,,2.8,120.65000593662262,291
52,2,20,12,1.397,2.0828,tension,-1,low,6.032500296831131,3.0886401519775397,1,"CIRC_HOLE,CIRC_HOLE",1,1.3030200641155245,,2.8,120.65000593662262,292
52,2,20,12,1.397,2.0828,tension,-1,medium,6.032500296831131,3.0886401519775397,1,"CIRC_HOLE,CIRC_HOLE",1,1.3030200641155245,,2.8,120.65000593662262,293
52,2,20,12,1.397,2.0828,tension,-1,high,6.032500296831131,3.0886401519775397,1,"CIRC_HOLE,CIRC_HOLE",1,1.3030200641155245,,2.8,120.65000593662262,294
52,2,20,12,1.397,2.0828,bend_bottom,1,low,6.032500296831131,3.0886401519775397,1,"FILLET,CIRC_HOLE",1,1.3030200641155245,,2.8,120.65000593662262,295
52,2,20,12,1.397,2.0828,bend_bottom,1,medium,6.032500296831131,2.316480113983155,0,"FACE,CIRC_HOLE",1,0.9772650480866434,,2.8,120.65000593662262,296
52,2,20,12,1.397,2.0828,bend_bottom,1,high,6.032500296831131,3.393281416967511,1,"FACE,FACE",1,3.393281416967511,,2.8,120.65000593662262,297
52,2,20,12,1.397,2.0828,tension,1,low,6.032500296831131,3.0886401519775397,1,"CIRC_HOLE,CIRC_HOLE",1,1.3030200641155245,,2.8,120.65000593662262,298
52,2,20,12,1.397,2.0828,tension,1,medium,6.032500296831131,3.0886401519775397,1,"CIRC_HOLE,FACE",1,0.9772650480866434,,2.8,120.65000593662262,299
52,2,20,12,1.397,2.0828,tension,1,high,6.032500296831131,2.4709121215820318,0,"CIRC_HOLE,CIRC_HOLE",1,0.5863590288519861,,2.8,120.65000593662262,300
